<ImportExportXml xmlns:xsi="http://www.w3.org/2001/XMLSchema-instance">
  <Entities>
    <Entity>
      <Name LocalizedName="Account" OriginalName="Account">Account</Name>
      <ObjectTypeCode>1</ObjectTypeCode>
      <FormXml>
        <forms type="main">
          <systemform>
            <formid>{b053a39a-041a-4356-acef-ddf00182762b}</formid>
            <IntroducedVersion>5.0.0.0</IntroducedVersion>
            <FormPresentation>0</FormPresentation>
            <FormActivationState>0</FormActivationState>
            <form showImage="true">
              <tabs>
                <tab name="general" verticallayout="true" id="{13b0fbf2-e596-4dc5-919b-7a0aea72598b}" IsUserDefined="0" ordinalvalue="1" solutionaction="Modified" />
                <tab name="details" id="{e8642bdb-3b0b-4ce4-bcca-646d04e856cb}" IsUserDefined="0" ordinalvalue="2" solutionaction="Modified" />
                <tab name="contacts" id="{52c46fc3-c588-42d2-b24a-764536e3ce79}" IsUserDefined="0" ordinalvalue="3" solutionaction="Modified" />
                <tab name="notes and activities" id="{61710424-A7C1-4db5-9489-788BCDCF267A}" IsUserDefined="0" expanded="false" ordinalvalue="4" solutionaction="Modified" />
                <tab name="administration" id="{5b8906be-c80f-4c26-8ba2-b07f45cb2936}" IsUserDefined="0" ordinalvalue="5" solutionaction="Modified">
                  <columns>
                    <column width="100%" id="0">
                      <sections>
                        <section name="contact methods" showlabel="true" showbar="true" id="{842b89e4-8f3a-46b3-9d23-291eb8685ce9}" IsUserDefined="0" ordinalvalue="1">
                          <rows>
                            <row>
                              <cell id="{360d95eb-8ba4-41be-b8ad-5e9feed28f0c}" ordinalvalue="20003" solutionaction="Removed" />
                              <cell id="{555ac5ba-3a26-428d-bcc2-2186f3e99b55}" ordinalvalue="20003" solutionaction="Modified" />
                            </row>
                            <row>
                              <cell id="{18193a06-a1fa-41c7-86b6-7bd88696c495}" ordinalvalue="10004" solutionaction="Modified" />
                              <cell id="{0a5eeb02-68b5-4cec-93d5-fa27bd56e89b}" ordinalvalue="20005" solutionaction="Modified" />
                            </row>
                            <row>
                              <cell id="{4a9ae9d0-f4ca-45f0-886c-bcfc00f98003}" ordinalvalue="10006" solutionaction="Modified" />
                              <cell id="{7efb5294-1d1c-4f78-9918-03dd80563cfb}" ordinalvalue="20007" solutionaction="Modified" />
                            </row>
                          </rows>
                        </section>
                      </sections>
                    </column>
                  </columns>
                </tab>
                <tab name="tab_recordwall" id="{e94e6ac4-12db-bc8c-ec81-8b20c5987655}" IsUserDefined="0" locklevel="0" showlabel="true" expanded="false" labelid="{bb08121a-9a70-4a05-9e07-fcf5d682d369}" ordinalvalue="0" solutionaction="Added">
                  <labels>
                    <label description="What's New" languagecode="1033" />
                  </labels>
                  <columns>
                    <column width="100%" id="0">
                      <sections>
                        <section name="tab_recordwall_section_1" showlabel="false" showbar="false" locklevel="0" id="{ac0addcc-a626-6c98-40ee-b11edac36204}" IsUserDefined="0" layout="varwidth" columns="1" labelwidth="115" celllabelalignment="Left" celllabelposition="Left" labelid="{9bddb297-2590-4066-b4d5-1f41d8970edd}" ordinalvalue="0">
                          <labels>
                            <label description="Section" languagecode="1033" />
                          </labels>
                          <rows>
                            <row>
                              <cell id="{be13b312-b6ac-83d7-34e1-e90dc1ecbec7}" showlabel="false" colspan="1" auto="false" rowspan="15" labelid="{15a4a1e7-ec23-402a-b431-4c86bfdf8bb3}" ordinalvalue="10000">
                                <labels>
                                  <label description="RecordWall" languagecode="1033" />
                                </labels>
                                <control id="WebResource_RecordWall" classid="{9FDF5F91-88B1-47f4-AD53-C11EFC01A01D}">
                                  <parameters>
                                    <Url>msdyn_/RecordWall.htm</Url>
                                    <PassParameters>true</PassParameters>
                                    <Security>false</Security>
                                    <Scrolling>auto</Scrolling>
                                    <Border>false</Border>
                                  </parameters>
                                </control>
                                <events>
                                  <event name="onload" application="0">
                                    <dependencies />
                                  </event>
                                </events>
                              </cell>
                            </row>
                            <row />
                            <row />
                            <row />
                            <row />
                            <row />
                            <row />
                            <row />
                            <row />
                            <row />
                            <row />
                            <row />
                            <row />
                            <row />
                            <row />
                          </rows>
                        </section>
                      </sections>
                    </column>
                  </columns>
                  <events>
                    <event name="tabstatechange" application="false" active="false">
                      <Handlers>
                        <Handler functionName="ActivityFeeds.Form.CustomizationUtils.updateRecordWallRenderingState" libraryName="msdyn_/ActivityFeeds.Form.js" handlerUniqueId="{9beb6ce6-2666-8033-a406-3d68d44b9592}" enabled="true" parameters="" passExecutionContext="true" />
                      </Handlers>
                    </event>
                  </events>
                </tab>
              </tabs>
              <formLibraries solutionaction="Added">
                <Library name="msdyn_/ActivityFeeds.Form.js" libraryUniqueId="{4181da4c-6d13-ba3c-c859-be404e4ee2e3}" />
              </formLibraries>
            </form>
            <LocalizedNames>
              <LocalizedName description="Information" languagecode="1033" />
            </LocalizedNames>
            <Descriptions>
              <Description description="A form for this entity." languagecode="1033" />
            </Descriptions>
          </systemform>
          <systemform>
            <formid>{8448b78f-8f42-454e-8e2a-f8196b0419af}</formid>
            <IntroducedVersion>5.0.0.0</IntroducedVersion>
            <FormPresentation>1</FormPresentation>
            <FormActivationState>1</FormActivationState>
            <form showImage="true">
              <tabs>
                <tab name="SUMMARY_TAB" id="{3b0b63a9-d379-689a-0ec3-e71eb4c6a841}" IsUserDefined="0" showlabel="true" expanded="true" locklevel="0" ordinalvalue="0">
                  <columns>
                    <column width="28%" id="0">
                      <sections>
                        <section name="MapSection" showlabel="false" showbar="false" id="{e1c565b8-7db7-4a44-b4e7-281614ff849b}" IsUserDefined="0" layout="varwidth" columns="1" labelwidth="115" celllabelposition="Top" locklevel="0" celllabelalignment="Left" ordinalvalue="2" solutionaction="Modified">
                          <labels>
                            <label description="Map" languagecode="1033" solutionaction="Modified" />
                          </labels>
                          <rows />
                        </section>
                      </sections>
                    </column>
                    <column width="44%" id="1">
                      <sections>
                        <section name="SOCIAL_PANE_TAB" showlabel="false" showbar="false" id="{7a073b7c-5422-2418-3d26-b2a7eb290832}" IsUserDefined="0" layout="varwidth" columns="1" labelwidth="115" celllabelposition="Top" locklevel="0" celllabelalignment="Left" ordinalvalue="0">
                          <rows />
                        </section>
                      </sections>
                    </column>
                    <column width="28%" id="2">
                      <sections>
                        <section name="SUMMARY_TAB_section_6" showlabel="false" showbar="false" locklevel="0" id="{d4c3ee9c-ba71-5cdb-31be-2aa505750472}" IsUserDefined="0" layout="varwidth" columns="1" labelwidth="115" celllabelalignment="Left" celllabelposition="Top" ordinalvalue="0">
                          <rows>
                            <row>
                              <cell id="{8e24c7e3-6a40-5abb-eadb-254eba5478e2}" showlabel="true" colspan="1" auto="false" rowspan="7" ordinalvalue="10002">
                                <control id="Contacts" classid="{E7A81278-8635-4d9e-8D4D-59480B391C5B}">
                                  <parameters>
                                    <VisualizationId />
                                  </parameters>
                                </control>
                              </cell>
                            </row>
                            <row>
                              <cell id="{2c745e48-587d-beb8-297d-055b604013b2}" showlabel="true" colspan="1" auto="false" rowspan="7" ordinalvalue="10005" solutionaction="Removed" />
                            </row>
                          </rows>
                        </section>
                      </sections>
                    </column>
                  </columns>
                </tab>
                <tab name="DETAILS_TAB" id="{11a42c72-9ded-ea04-253d-2143e731b795}" IsUserDefined="0" showlabel="true" expanded="true" ordinalvalue="1">
                  <columns>
                    <column width="34%" id="0">
                      <sections>
                        <section name="DETAILS_TAB_section_6" showlabel="true" showbar="false" locklevel="0" id="{e201b9ce-c3d5-c922-dba5-528c25066940}" IsUserDefined="0" layout="varwidth" columns="1" labelwidth="115" celllabelalignment="Left" celllabelposition="Top" height="auto" ordinalvalue="1">
                          <rows />
                        </section>
                      </sections>
                    </column>
                    <column width="33%" id="1">
                      <sections>
                        <section name="CONTACT_PREFERENCES" showlabel="true" showbar="false" id="{2787a122-55d5-4c8d-9b21-c8d4ec8cc3fc}" IsUserDefined="0" columns="1" labelwidth="115" celllabelposition="Left" ordinalvalue="1">
                          <rows>
                            <row>
                              <cell id="{82b8410d-3b9c-4aca-9968-6b3e493ef92e}" ordinalvalue="10002" solutionaction="Removed" />
                            </row>
                            <row>
                              <cell id="{cfa09fa5-ccb6-4f97-bd8d-d7e037a7aab1}" ordinalvalue="10002" solutionaction="Modified" />
                            </row>
                            <row>
                              <cell id="{f587cb66-b142-47c9-bc7a-009875261840}" ordinalvalue="10003" solutionaction="Modified" />
                            </row>
                            <row>
                              <cell id="{12927a20-3614-4546-89fc-9bdbd9b7432f}" ordinalvalue="10004" solutionaction="Modified" />
                            </row>
                            <row>
                              <cell id="{ed50e866-7968-483d-8388-0e6313d3c784}" ordinalvalue="10005" solutionaction="Modified" />
                            </row>
                          </rows>
                        </section>
                      </sections>
                    </column>
                    <column width="33%" id="2">
                      <sections>
                        <section name="ChildAccounts" showlabel="true" showbar="false" locklevel="0" id="{1e0e4517-ba6b-1540-53a9-09647d67443a}" IsUserDefined="0" layout="varwidth" columns="1" labelwidth="115" celllabelalignment="Left" celllabelposition="Left" ordinalvalue="2" solutionaction="Removed" />
                      </sections>
                    </column>
                  </columns>
                </tab>
              </tabs>
              <Navigation>
                <NavBar />
                <NavBarAreas solutionaction="Added">
                  <NavBarArea Id="Info">
                    <Titles>
                      <Title LCID="1033" Text="Common" />
                    </Titles>
                  </NavBarArea>
                  <NavBarArea Id="Sales">
                    <Titles>
                      <Title LCID="1033" Text="Sales" />
                    </Titles>
                  </NavBarArea>
                  <NavBarArea Id="Service">
                    <Titles>
                      <Title LCID="1033" Text="Service" />
                    </Titles>
                  </NavBarArea>
                  <NavBarArea Id="Marketing">
                    <Titles>
                      <Title LCID="1033" Text="Marketing" />
                    </Titles>
                  </NavBarArea>
                  <NavBarArea Id="ProcessCenter">
                    <Titles>
                      <Title LCID="1033" Text="Process Sessions" />
                    </Titles>
                  </NavBarArea>
                </NavBarAreas>
              </Navigation>
            </form>
            <LocalizedNames>
              <LocalizedName description="Account" languagecode="1033" />
            </LocalizedNames>
            <Descriptions>
              <Description description="Updated default Account form." languagecode="1033" />
            </Descriptions>
          </systemform>
        </forms>
      </FormXml>
      <RibbonDiffXml>
        <CustomActions>
          <CustomAction Id="xrmc.account.Button1.Button.CustomAction" Location="Mscrm.HomepageGrid.account.MainTab.Management.Controls._children" Sequence="29">
            <CommandUIDefinition>
              <Button Alt="$LocLabels:xrmc.account.Button1.Button.Alt" Command="xrmc.account.MultiTag.Command" Description="Tag multiple records with multiple tags in a single operation" Id="xrmc.account.Button1.Button" Image16by16="$webresource:xrmc_/css/multitag.png" LabelText="$LocLabels:xrmc.account.Button1.Button.LabelText" Sequence="29" TemplateAlias="o3" ToolTipTitle="$LocLabels:xrmc.account.Button1.Button.ToolTipTitle" ToolTipDescription="$LocLabels:xrmc.account.Button1.Button.ToolTipDescription" />
            </CommandUIDefinition>
          </CustomAction>
        </CustomActions>
        <Templates>
          <RibbonTemplates Id="Mscrm.Templates"></RibbonTemplates>
        </Templates>
        <CommandDefinitions>
          <CommandDefinition Id="xrmc.account.MultiTag.Command">
            <EnableRules>
              <EnableRule Id="xrmc.account.MultiTag.EnableRule" />
            </EnableRules>
            <DisplayRules />
            <Actions>
              <JavaScriptFunction FunctionName="openMultiTag" Library="$webresource:xrmc_/MultiTagRibbon.js">
                <CrmParameter Value="SelectedControlSelectedItemReferences" />
                <CrmParameter Value="SelectedEntityTypeName" />
              </JavaScriptFunction>
            </Actions>
          </CommandDefinition>
        </CommandDefinitions>
        <RuleDefinitions>
          <TabDisplayRules />
          <DisplayRules />
          <EnableRules>
            <EnableRule Id="xrmc.account.MultiTag.EnableRule">
              <SelectionCountRule AppliesTo="SelectedEntity" Minimum="1" />
            </EnableRule>
          </EnableRules>
        </RuleDefinitions>
        <LocLabels>
          <LocLabel Id="xrmc.account.Button1.Button.Alt">
            <Titles>
              <Title description="Multi Tag" languagecode="1033" />
            </Titles>
          </LocLabel>
          <LocLabel Id="xrmc.account.Button1.Button.LabelText">
            <Titles>
              <Title description="Multi Tag" languagecode="1033" />
            </Titles>
          </LocLabel>
          <LocLabel Id="xrmc.account.Button1.Button.ToolTipDescription">
            <Titles>
              <Title description="Tag multiple records with multiple tags in a single operation" languagecode="1033" />
            </Titles>
          </LocLabel>
          <LocLabel Id="xrmc.account.Button1.Button.ToolTipTitle">
            <Titles>
              <Title description="Multi Tag" languagecode="1033" />
            </Titles>
          </LocLabel>
        </LocLabels>
      </RibbonDiffXml>
    </Entity>
    <Entity>
      <Name LocalizedName="Contact" OriginalName="Contact">Contact</Name>
      <ObjectTypeCode>2</ObjectTypeCode>
      <FormXml>
        <forms type="main">
          <systemform>
            <formid>{894cc46a-b0cb-4ab0-8bf6-200544e46a2d}</formid>
            <IntroducedVersion>5.0.0.0</IntroducedVersion>
            <FormPresentation>0</FormPresentation>
            <FormActivationState>0</FormActivationState>
            <form showImage="true">
              <tabs>
                <tab name="general" verticallayout="true" id="{9748ec98-3746-40cc-83bf-d15c7363166f}" IsUserDefined="0" ordinalvalue="1" solutionaction="Modified" />
                <tab name="details" id="{cafbf41a-42bf-4665-8562-1e37017eba69}" IsUserDefined="0" ordinalvalue="2" solutionaction="Modified" />
                <tab name="notes and activities" id="{A6C643C6-E98F-4738-812F-0B7F7FFC80F7}" IsUserDefined="0" expanded="false" ordinalvalue="3" solutionaction="Modified" />
                <tab name="administration" id="{0dd7233e-247b-4eef-a71b-0185da6d16ad}" IsUserDefined="0" ordinalvalue="4" solutionaction="Modified" />
                <tab name="tab_recordwall" id="{e94e6ac4-12db-bc8c-ec81-8b20c5987655}" IsUserDefined="0" locklevel="0" showlabel="true" expanded="false" labelid="{126ef006-b5cb-4d45-8909-cb533598706e}" ordinalvalue="0" solutionaction="Added">
                  <labels>
                    <label description="What's New" languagecode="1033" />
                  </labels>
                  <columns>
                    <column width="100%" id="0">
                      <sections>
                        <section name="tab_recordwall_section_1" showlabel="false" showbar="false" locklevel="0" id="{ac0addcc-a626-6c98-40ee-b11edac36204}" IsUserDefined="0" layout="varwidth" columns="1" labelwidth="115" celllabelalignment="Left" celllabelposition="Left" labelid="{be2f63b7-cdf6-4427-b860-ebf2bf45b8d1}" ordinalvalue="0">
                          <labels>
                            <label description="Section" languagecode="1033" />
                          </labels>
                          <rows>
                            <row>
                              <cell id="{be13b312-b6ac-83d7-34e1-e90dc1ecbec7}" showlabel="false" colspan="1" auto="false" rowspan="15" labelid="{3a200486-ca45-473e-9a00-cf1b0b7c2c39}" ordinalvalue="10000">
                                <labels>
                                  <label description="RecordWall" languagecode="1033" />
                                </labels>
                                <control id="WebResource_RecordWall" classid="{9FDF5F91-88B1-47f4-AD53-C11EFC01A01D}">
                                  <parameters>
                                    <Url>msdyn_/RecordWall.htm</Url>
                                    <PassParameters>true</PassParameters>
                                    <Security>false</Security>
                                    <Scrolling>auto</Scrolling>
                                    <Border>false</Border>
                                  </parameters>
                                </control>
                                <events>
                                  <event name="onload" application="0">
                                    <dependencies />
                                  </event>
                                </events>
                              </cell>
                            </row>
                            <row />
                            <row />
                            <row />
                            <row />
                            <row />
                            <row />
                            <row />
                            <row />
                            <row />
                            <row />
                            <row />
                            <row />
                            <row />
                            <row />
                          </rows>
                        </section>
                      </sections>
                    </column>
                  </columns>
                  <events>
                    <event name="tabstatechange" application="false" active="false">
                      <Handlers>
                        <Handler functionName="ActivityFeeds.Form.CustomizationUtils.updateRecordWallRenderingState" libraryName="msdyn_/ActivityFeeds.Form.js" handlerUniqueId="{9beb6ce6-2666-8033-a406-3d68d44b9592}" enabled="true" parameters="" passExecutionContext="true" />
                      </Handlers>
                    </event>
                  </events>
                </tab>
              </tabs>
              <formLibraries solutionaction="Added">
                <Library name="msdyn_/ActivityFeeds.Form.js" libraryUniqueId="{4181da4c-6d13-ba3c-c859-be404e4ee2e3}" />
              </formLibraries>
            </form>
            <LocalizedNames>
              <LocalizedName description="Information" languagecode="1033" />
            </LocalizedNames>
            <Descriptions>
              <Description description="A form for this entity." languagecode="1033" />
            </Descriptions>
          </systemform>
          <systemform>
            <formid>{1fed44d1-ae68-4a41-bd2b-f13acac4acfa}</formid>
            <IntroducedVersion>5.0.0.0</IntroducedVersion>
            <FormPresentation>1</FormPresentation>
            <FormActivationState>1</FormActivationState>
            <form showImage="true">
              <tabs>
                <tab name="SUMMARY_TAB" id="{15bb2d4b-71da-74ea-3c5b-e497d78a55a2}" IsUserDefined="0" showlabel="true" expanded="true" ordinalvalue="0">
                  <columns>
                    <column width="28%" id="0">
                      <sections>
                        <section name="CONTACT_INFORMATION" showlabel="true" showbar="false" id="{9d943649-0387-1882-caa1-36de40d5a86c}" IsUserDefined="0" layout="varwidth" columns="1" labelwidth="115" celllabelposition="Left" ordinalvalue="0">
                          <rows>
                            <row>
                              <cell id="{a54c19c9-4722-ce25-60c5-2bb9452680d2}" showlabel="true" locklevel="0" ordinalvalue="10002">
                                <labels>
                                  <label description="Company Name" languagecode="1033" solutionaction="Modified" />
                                </labels>
                                <events solutionaction="Added">
                                  <event name="setadditionalparams" application="true" active="true">
                                    <InternalHandlers>
                                      <Handler functionName="Mscrm.parentcustomerid_setadditionalparams" libraryName="Contact_main_system_library.js" handlerUniqueId="76092dad-9a35-46d9-8e60-db497b408601" enabled="true" passExecutionContext="true" />
                                    </InternalHandlers>
                                  </event>
                                </events>
                              </cell>
                            </row>
                          </rows>
                        </section>
                        <section name="MapSection" showlabel="false" showbar="false" id="{e0109668-cb5b-4b6c-8ca6-9d0c4b24f385}" IsUserDefined="0" layout="varwidth" columns="1" labelwidth="115" celllabelposition="Left" ordinalvalue="1">
                          <rows>
                            <row>
                              <cell id="{4a07b010-3ae2-440c-adbd-7fe13249b0d7}" showlabel="false" rowspan="8" colspan="1" auto="false" ordinalvalue="10000" solutionaction="Modified" />
                            </row>
                          </rows>
                        </section>
                      </sections>
                    </column>
                    <column width="44%" id="1">
                      <sections>
                        <section name="SOCIAL_PANE_TAB" showlabel="false" showbar="false" id="{bea579b8-8901-77b0-1128-351760e68bd4}" IsUserDefined="0" layout="varwidth" columns="1" labelwidth="115" celllabelposition="Top" ordinalvalue="0">
                          <rows />
                        </section>
                      </sections>
                    </column>
                    <column width="28%" id="2">
                      <sections>
                        <section name="CUSTOMER_DETAILS_TAB" showlabel="false" showbar="false" id="{0ed6b616-7ef0-4ffe-9a77-610beef03f9c}" IsUserDefined="0" layout="varwidth" columns="1" labelwidth="115" celllabelposition="Top" ordinalvalue="0">
                          <rows>
                            <row>
                              <cell id="{6120B848-D4DA-45E2-9E0D-EFD7D3898E50}" showlabel="true" colspan="1" rowspan="5" ordinalvalue="10002">
                                <labels>
                                  <label description="Recent Cases" languagecode="1033" solutionaction="Modified" />
                                </labels>
                              </cell>
                            </row>
                            <row>
                              <cell id="{18922d47-153a-1a49-e025-dd6a6eb57d9d}" showlabel="true" colspan="1" rowspan="5" ordinalvalue="10003">
                                <labels>
                                  <label description="Recent Opportunities" languagecode="1033" solutionaction="Modified" />
                                </labels>
                              </cell>
                            </row>
                            <row>
                              <cell id="{3e3b602b-b821-4775-ae5d-fedf7ae56508}" showlabel="true" colspan="1" rowspan="7" ordinalvalue="10004" solutionaction="Removed" />
                            </row>
                          </rows>
                        </section>
                      </sections>
                    </column>
                  </columns>
                </tab>
                <tab name="DETAILS_TAB" id="{fe1c5c3b-d556-4552-a444-4781214a6d63}" IsUserDefined="0" expanded="true" showlabel="true" ordinalvalue="1">
                  <columns>
                    <column width="34%" id="0">
                      <sections>
                        <section name="PERSONAL_NOTES_SECTION" showlabel="true" showbar="false" locklevel="0" id="{9435d60e-c5ac-2462-a159-414573dc2e45}" IsUserDefined="0" layout="varwidth" columns="1" labelwidth="115" celllabelalignment="Left" celllabelposition="Top" ordinalvalue="1">
                          <rows />
                        </section>
                      </sections>
                    </column>
                    <column width="33%" id="1">
                      <sections>
                        <section name="CONTACT_PREFERENCES" showlabel="true" showbar="false" id="{42aa148d-17fa-4c73-8213-bd22400b74ea}" IsUserDefined="0" columns="1" labelwidth="115" celllabelposition="Left" ordinalvalue="1">
                          <rows>
                            <row>
                              <cell id="{2344e926-ebe5-43a9-a634-98a98b1b9267}" ordinalvalue="10002" solutionaction="Removed" />
                            </row>
                            <row>
                              <cell id="{041968bd-14fe-486a-baa0-719e7691e6ee}" ordinalvalue="10002" solutionaction="Modified" />
                            </row>
                            <row>
                              <cell id="{569cf3bd-3b14-46d8-a03a-22e6317d1d41}" ordinalvalue="10003" solutionaction="Modified" />
                            </row>
                            <row>
                              <cell id="{28d804f2-b314-42f6-92f8-982f4929bd6f}" ordinalvalue="10004" solutionaction="Modified" />
                            </row>
                            <row>
                              <cell id="{dfe9aafd-1acc-488d-b31e-feef6f63a34d}" ordinalvalue="10005" solutionaction="Modified" />
                            </row>
                          </rows>
                        </section>
                      </sections>
                    </column>
                  </columns>
                </tab>
              </tabs>
              <events solutionaction="Removed" />
              <Navigation>
                <NavBar>
                  <NavBarByRelationshipItem RelationshipName="listcontact_association" Id="navListsInSFA" Sequence="10" Area="Info" Show="false" solutionaction="Removed" />
                </NavBar>
                <NavBarAreas solutionaction="Added">
                  <NavBarArea Id="Info">
                    <Titles>
                      <Title LCID="1033" Text="Common" />
                    </Titles>
                  </NavBarArea>
                  <NavBarArea Id="Sales">
                    <Titles>
                      <Title LCID="1033" Text="Sales" />
                    </Titles>
                  </NavBarArea>
                  <NavBarArea Id="Service">
                    <Titles>
                      <Title LCID="1033" Text="Service" />
                    </Titles>
                  </NavBarArea>
                  <NavBarArea Id="Marketing">
                    <Titles>
                      <Title LCID="1033" Text="Marketing" />
                    </Titles>
                  </NavBarArea>
                  <NavBarArea Id="ProcessCenter">
                    <Titles>
                      <Title LCID="1033" Text="Process Sessions" />
                    </Titles>
                  </NavBarArea>
                </NavBarAreas>
              </Navigation>
            </form>
            <LocalizedNames>
              <LocalizedName description="Contact" languagecode="1033" />
            </LocalizedNames>
            <Descriptions>
              <Description description="Updated default Contact form." languagecode="1033" />
            </Descriptions>
          </systemform>
        </forms>
      </FormXml>
      <RibbonDiffXml>
        <CustomActions>
          <CustomAction Id="xrmc.contact.MultiTag.Button.CustomAction" Location="Mscrm.HomepageGrid.contact.MainTab.Management.Controls._children" Sequence="29">
            <CommandUIDefinition>
              <Button Alt="$LocLabels:xrmc.contact.MultiTag.Button.Alt" Command="xrmc.contact.MultiTag.Command" Description="Tag multiple records with multiple tags in a single operation" Id="xrmc.contact.MultiTag.Button" Image16by16="$webresource:xrmc_/css/multitag.png" LabelText="$LocLabels:xrmc.contact.MultiTag.Button.LabelText" Sequence="29" TemplateAlias="o3" ToolTipTitle="$LocLabels:xrmc.contact.MultiTag.Button.ToolTipTitle" ToolTipDescription="$LocLabels:xrmc.contact.MultiTag.Button.ToolTipDescription" />
            </CommandUIDefinition>
          </CustomAction>
        </CustomActions>
        <Templates>
          <RibbonTemplates Id="Mscrm.Templates"></RibbonTemplates>
        </Templates>
        <CommandDefinitions>
          <CommandDefinition Id="xrmc.contact.MultiTag.Command">
            <EnableRules>
              <EnableRule Id="xrmc.contact.MultiTag.EnableRule" />
            </EnableRules>
            <DisplayRules />
            <Actions>
              <JavaScriptFunction FunctionName="openMultiTag" Library="$webresource:xrmc_/MultiTagRibbon.js">
                <CrmParameter Value="SelectedControlSelectedItemReferences" />
                <CrmParameter Value="SelectedEntityTypeName" />
              </JavaScriptFunction>
            </Actions>
          </CommandDefinition>
        </CommandDefinitions>
        <RuleDefinitions>
          <TabDisplayRules />
          <DisplayRules />
          <EnableRules>
            <EnableRule Id="xrmc.contact.MultiTag.EnableRule">
              <SelectionCountRule AppliesTo="SelectedEntity" Minimum="1" />
            </EnableRule>
          </EnableRules>
        </RuleDefinitions>
        <LocLabels>
          <LocLabel Id="xrmc.contact.MultiTag.Button.Alt">
            <Titles>
              <Title description="Multi Tag" languagecode="1033" />
            </Titles>
          </LocLabel>
          <LocLabel Id="xrmc.contact.MultiTag.Button.LabelText">
            <Titles>
              <Title description="Multi Tag" languagecode="1033" />
            </Titles>
          </LocLabel>
          <LocLabel Id="xrmc.contact.MultiTag.Button.ToolTipDescription">
            <Titles>
              <Title description="Tag multiple records with multiple tags in a single operation" languagecode="1033" />
            </Titles>
          </LocLabel>
          <LocLabel Id="xrmc.contact.MultiTag.Button.ToolTipTitle">
            <Titles>
              <Title description="Multi Tag" languagecode="1033" />
            </Titles>
          </LocLabel>
        </LocLabels>
      </RibbonDiffXml>
    </Entity>
    <Entity>
      <Name LocalizedName="Case" OriginalName="Case">Incident</Name>
      <ObjectTypeCode>112</ObjectTypeCode>
      <EntityInfo>
        <entity Name="Incident">
          <LocalizedNames>
            <LocalizedName description="Case" languagecode="1033" />
          </LocalizedNames>
          <LocalizedCollectionNames>
            <LocalizedCollectionName description="Cases" languagecode="1033" />
          </LocalizedCollectionNames>
          <Descriptions>
            <Description description="Service request case associated with a contract." languagecode="1033" />
          </Descriptions>
          <attributes>
            <attribute PhysicalName="new_testdate">
              <Type>datetime</Type>
              <Name>new_testdate</Name>
              <LogicalName>new_testdate</LogicalName>
              <RequiredLevel>none</RequiredLevel>
              <DisplayMask>ValidForAdvancedFind|ValidForForm|ValidForGrid</DisplayMask>
              <ImeMode>auto</ImeMode>
              <ValidForUpdateApi>1</ValidForUpdateApi>
              <ValidForReadApi>1</ValidForReadApi>
              <ValidForCreateApi>1</ValidForCreateApi>
              <IsCustomField>1</IsCustomField>
              <IsAuditEnabled>1</IsAuditEnabled>
              <IsSecured>0</IsSecured>
              <IntroducedVersion>1.0.0.0</IntroducedVersion>
              <IsCustomizable>1</IsCustomizable>
              <IsRenameable>1</IsRenameable>
              <CanModifySearchSettings>1</CanModifySearchSettings>
              <CanModifyRequirementLevelSettings>1</CanModifyRequirementLevelSettings>
              <CanModifyAdditionalSettings>1</CanModifyAdditionalSettings>
              <SourceType>0</SourceType>
              <IsGlobalFilterEnabled>0</IsGlobalFilterEnabled>
              <IsSortableEnabled>0</IsSortableEnabled>
              <CanModifyGlobalFilterSettings>1</CanModifyGlobalFilterSettings>
              <CanModifyIsSortableSettings>1</CanModifyIsSortableSettings>
              <Format>date</Format>
              <CanChangeDateTimeBehavior>1</CanChangeDateTimeBehavior>
              <Behavior>1</Behavior>
              <displaynames>
                <displayname description="test date" languagecode="1033" />
              </displaynames>
              <Descriptions>
                <Description description="" languagecode="1033" />
              </Descriptions>
            </attribute>
          </attributes>
          <EntitySetName>incidents</EntitySetName>
          <IsDuplicateCheckSupported>1</IsDuplicateCheckSupported>
          <IsBusinessProcessEnabled>1</IsBusinessProcessEnabled>
          <IsRequiredOffline>0</IsRequiredOffline>
          <IsInteractionCentricEnabled>1</IsInteractionCentricEnabled>
          <IsCollaboration>1</IsCollaboration>
          <AutoRouteToOwnerQueue>0</AutoRouteToOwnerQueue>
          <IsConnectionsEnabled>1</IsConnectionsEnabled>
          <EntityColor>#7A278F</EntityColor>
          <IsDocumentManagementEnabled>0</IsDocumentManagementEnabled>
          <IsOneNoteIntegrationEnabled>0</IsOneNoteIntegrationEnabled>
          <IsKnowledgeManagementEnabled>1</IsKnowledgeManagementEnabled>
          <IsSLAEnabled>1</IsSLAEnabled>
          <IsDocumentRecommendationsEnabled>0</IsDocumentRecommendationsEnabled>
          <IsBPFEntity>0</IsBPFEntity>
          <OwnershipTypeMask>UserOwned</OwnershipTypeMask>
          <EntityMask>ActivityPointer</EntityMask>
          <IsAuditEnabled>0</IsAuditEnabled>
          <IsActivity>0</IsActivity>
          <ActivityTypeMask></ActivityTypeMask>
          <IsActivityParty>1</IsActivityParty>
          <IsReplicated>1</IsReplicated>
          <IsReplicationUserFiltered>1</IsReplicationUserFiltered>
          <IsMailMergeEnabled>1</IsMailMergeEnabled>
          <IsVisibleInMobile>1</IsVisibleInMobile>
          <IsVisibleInMobileClient>1</IsVisibleInMobileClient>
          <IsReadOnlyInMobileClient>1</IsReadOnlyInMobileClient>
          <IsOfflineInMobileClient>1</IsOfflineInMobileClient>
          <DaysSinceRecordLastModified>10</DaysSinceRecordLastModified>
          <MobileOfflineFilters>
    &lt;fetch version="1.0" output-format="xml-platform" mapping="logical" distinct="false"&gt;
      &lt;entity name="incident"&gt;
        &lt;filter type="and"&gt;
          &lt;condition attribute="modifiedon" operator="last-x-days" value="10"/&gt;
        &lt;/filter&gt;
      &lt;/entity&gt;
    &lt;/fetch&gt;
  </MobileOfflineFilters>
          <IsMapiGridEnabled>1</IsMapiGridEnabled>
          <IsReadingPaneEnabled>1</IsReadingPaneEnabled>
          <IsQuickCreateEnabled>1</IsQuickCreateEnabled>
          <SyncToExternalSearchIndex>1</SyncToExternalSearchIndex>
          <IntroducedVersion>5.0.0.0</IntroducedVersion>
          <EnforceStateTransitions>0</EnforceStateTransitions>
          <EntityHelpUrlEnabled>0</EntityHelpUrlEnabled>
          <ChangeTrackingEnabled>1</ChangeTrackingEnabled>
          <IsEnabledForExternalChannels>1</IsEnabledForExternalChannels>
          <HasRelatedNotes>True</HasRelatedNotes>
          <HasRelatedActivities>True</HasRelatedActivities>
        </entity>
      </EntityInfo>
      <FormXml>
        <forms type="main">
          <systemform>
            <formid>{4a63c8d1-6c1e-48ec-9db4-3e6c7155334c}</formid>
            <IntroducedVersion>5.0.0.0</IntroducedVersion>
            <FormPresentation>1</FormPresentation>
            <FormActivationState>1</FormActivationState>
            <form enablerelatedinformation="false" shownavigationbar="true" hasmargin="false">
              <tabs showlabels="true">
                <tab name="general" verticallayout="true" id="{564b9a08-4626-46f5-8bd8-3d31e17a8873}" IsUserDefined="0" ordinalvalue="0">
                  <columns>
                    <column width="30%" id="0">
                      <sections>
                        <section name="Details" showlabel="true" labelwidth="102" showbar="false" id="{09d03c8d-5a6b-4a94-b7d9-cfa1b5364015}" IsUserDefined="0" locklevel="0" celllabelposition="Left" ordinalvalue="0">
                          <rows>
                            <row>
                              <cell id="{76d17ce6-ce11-da3c-aeee-e2886e506221}" showlabel="true" locklevel="0" ordinalvalue="10005" solutionaction="Modified" />
                            </row>
                            <row>
                              <cell id="{26940645-ec02-4f99-bbcf-c4cc33a2be4c}" showlabel="true" locklevel="0" ordinalvalue="10005" solutionaction="Removed" />
                            </row>
                            <row>
                              <cell id="{959273e2-e600-3b18-6572-763b94414e67}" showlabel="true" locklevel="0" ordinalvalue="10006" solutionaction="Removed" />
                            </row>
                            <row>
                              <cell id="{2973ce06-0486-461f-9381-48a174703d01}" ordinalvalue="10007" solutionaction="Removed" />
                            </row>
                            <row>
                              <cell id="{b03cc760-ab70-463c-ba03-6ec64efff698}" showlabel="true" locklevel="0" ordinalvalue="10004" solutionaction="Added">
                                <labels>
                                  <label description="Type" languagecode="1033" />
                                </labels>
                                <control id="casetypecode" classid="{3EF39988-22BB-4f0b-BBBE-64B5A3748AEE}" datafieldname="casetypecode" disabled="false" />
                              </cell>
                            </row>
                            <row>
                              <cell id="{420032d6-21a9-4ca2-95f9-dcf3b9684d78}" showlabel="true" locklevel="0" ordinalvalue="10006" solutionaction="Added">
                                <labels>
                                  <label description="Follow Up By" languagecode="1033" />
                                </labels>
                                <control id="followupby" classid="{5B773807-9FB2-42db-97C3-7A91EFF8ADFF}" datafieldname="followupby" disabled="false" />
                              </cell>
                            </row>
                            <row>
                              <cell id="{79b763cb-7146-cea2-e1b9-53335595a2ae}" showlabel="true" locklevel="0" ordinalvalue="10007" solutionaction="Added">
                                <labels>
                                  <label description="test date" languagecode="1033" />
                                </labels>
                                <control id="new_testdate" classid="{5B773807-9FB2-42db-97C3-7A91EFF8ADFF}" datafieldname="new_testdate" disabled="false" />
                              </cell>
                            </row>
                          </rows>
                        </section>
                        <section id="{2335806E-F713-402F-A9BD-6BEEEC6B8645}" columns="1" showlabel="true" showbar="false" IsUserDefined="0" locklevel="0" ordinalvalue="1">
                          <rows />
                        </section>
                        <section name="Applicable SLA(STANDARD)" showlabel="true" labelwidth="102" showbar="false" id="{bb13b0a3-13ee-4f84-9172-c1d89622b421}" IsUserDefined="0" locklevel="0" celllabelposition="Left" visible="true" ordinalvalue="2" solutionaction="Removed" />
                        <section name="contract and product information" showlabel="true" showbar="true" id="{4f1cbb62-1166-4db3-a0d7-1844cea74945}" IsUserDefined="0" locklevel="0" ordinalvalue="2" solutionaction="Added">
                          <labels>
                            <label description="CONTRACT AND PRODUCT INFORMATION" languagecode="1033" />
                          </labels>
                          <rows>
                            <row>
                              <cell id="{e41a12bc-599d-46be-85ca-e2c681350078}" ordinalvalue="10000">
                                <labels>
                                  <label description="" languagecode="1033" />
                                </labels>
                                <events>
                                  <event name="onclick" application="true" active="true">
                                    <InternalHandlers>
                                      <Handler functionName="Mscrm.contractid_onclick" libraryName="Incident_main_system_library.js" handlerUniqueId="cb1cce9a-6ca5-4474-8817-b60c6af43f1d" enabled="true">
                                        <dependencies>
                                          <dependency id="customerid" />
                                        </dependencies>
                                      </Handler>
                                    </InternalHandlers>
                                  </event>
                                  <event name="setadditionalparams" application="true" active="true">
                                    <InternalHandlers>
                                      <Handler functionName="Mscrm.contractid_setadditionalparams" libraryName="Incident_main_system_library.js" handlerUniqueId="eebc0919-9ffa-4a7b-9b25-b2763a35ded1" enabled="true" passExecutionContext="true">
                                        <dependencies>
                                          <dependency id="customerid" />
                                        </dependencies>
                                      </Handler>
                                    </InternalHandlers>
                                  </event>
                                </events>
                                <control id="contractid" classid="{270BD3DB-D9AF-4782-9025-509E298DEC0A}" datafieldname="contractid">
                                  <parameters>
                                    <IsInlineNewEnabled>false</IsInlineNewEnabled>
                                    <DefaultViewId>{646DE3EE-EBFB-4d19-8A44-4A619505E188}</DefaultViewId>
                                  </parameters>
                                </control>
                              </cell>
                            </row>
                            <row>
                              <cell id="{a0d5255c-e331-4297-a8f8-805e03921086}" ordinalvalue="10001">
                                <labels>
                                  <label description="" languagecode="1033" />
                                </labels>
                                <events>
                                  <event name="onclick" application="true" active="true">
                                    <InternalHandlers>
                                      <Handler functionName="Mscrm.contractdetailid_onclick" libraryName="Incident_main_system_library.js" handlerUniqueId="069c3411-c466-496c-ab3e-15dc59afa9a1" enabled="true">
                                        <dependencies>
                                          <dependency id="contractid" />
                                        </dependencies>
                                      </Handler>
                                    </InternalHandlers>
                                  </event>
                                </events>
                                <control id="contractdetailid" classid="{270BD3DB-D9AF-4782-9025-509E298DEC0A}" datafieldname="contractdetailid">
                                  <parameters>
                                    <FilterRelationshipName>contract_line_items</FilterRelationshipName>
                                    <DependentAttributeName>incident.contractid</DependentAttributeName>
                                    <DependentAttributeType>contract</DependentAttributeType>
                                    <DefaultViewId>{8FA2705C-7E4C-4c0e-B611-4593B35A4C9E}</DefaultViewId>
                                    <IsInlineNewEnabled>false</IsInlineNewEnabled>
                                    <AllowFilterOff>true</AllowFilterOff>
                                  </parameters>
                                </control>
                              </cell>
                            </row>
                            <row>
                              <cell auto="false" showlabel="true" locklevel="0" rowspan="1" id="{38c827d3-0697-4d12-8731-bff9ee5bdce8}" ordinalvalue="10002">
                                <labels>
                                  <label description="Product" languagecode="1033" />
                                </labels>
                                <control id="productid" classid="{270BD3DB-D9AF-4782-9025-509E298DEC0A}" datafieldname="productid" disabled="false">
                                  <parameters>
                                    <FilterRelationshipName>product_contract_line_items</FilterRelationshipName>
                                    <DependentAttributeName>incident.contractdetailid</DependentAttributeName>
                                    <DependentAttributeType>contractdetail</DependentAttributeType>
                                    <DefaultViewId>{A066D18A-8A4A-44EE-B78E-9A870DC799DD}</DefaultViewId>
                                    <IsInlineNewEnabled>false</IsInlineNewEnabled>
                                  </parameters>
                                </control>
                              </cell>
                            </row>
                            <row>
                              <cell auto="false" showlabel="true" locklevel="0" rowspan="1" id="{7d716e7b-bccd-4984-afce-02c47a9753c4}" ordinalvalue="10003">
                                <labels>
                                  <label description="Serial Number" languagecode="1033" />
                                </labels>
                                <control id="productserialnumber" classid="{4273EDBD-AC1D-40d3-9FB2-095C621B552D}" datafieldname="productserialnumber" disabled="false" />
                              </cell>
                            </row>
                            <row>
                              <cell auto="false" showlabel="true" locklevel="0" rowspan="1" colspan="1" id="{b5aed07b-ae04-485a-a45a-17b5261fa8a7}" ordinalvalue="10004">
                                <labels>
                                  <label description="Service Level" languagecode="1033" />
                                </labels>
                                <control id="contractservicelevelcode" classid="{3EF39988-22BB-4f0b-BBBE-64B5A3748AEE}" datafieldname="contractservicelevelcode" disabled="false" />
                              </cell>
                            </row>
                          </rows>
                        </section>
                        <section name="kb article" labelwidth="160" showlabel="true" showbar="true" locklevel="1" id="{a378242d-e37f-4266-bfc0-4e7aba62c33b}" IsUserDefined="0" ordinalvalue="3" solutionaction="Added">
                          <labels>
                            <label description="KB ARTICLES" languagecode="1033" />
                          </labels>
                          <rows>
                            <row>
                              <cell colspan="2" id="{576eeaa8-20ce-455f-946c-ca146d072da4}" ordinalvalue="10000">
                                <labels>
                                  <label description="" languagecode="1033" />
                                </labels>
                                <events>
                                  <event name="onshowdialog" application="true" active="true">
                                    <InternalHandlers>
                                      <Handler functionName="Mscrm.kbarticleid_onshowdialog" libraryName="Incident_main_system_library.js" handlerUniqueId="dd2e17cf-80ec-4539-9776-c75ff6c5ad16" enabled="true" passExecutionContext="true" />
                                    </InternalHandlers>
                                  </event>
                                </events>
                                <control id="kbarticleid" classid="{270BD3DB-D9AF-4782-9025-509E298DEC0A}" datafieldname="kbarticleid">
                                  <parameters>
                                    <IsInlineNewEnabled>false</IsInlineNewEnabled>
                                  </parameters>
                                </control>
                              </cell>
                            </row>
                            <row>
                              <cell colspan="2" showlabel="false" rowspan="2" id="{e8536a7b-ab85-42bf-a772-ef53b8854268}" ordinalvalue="10001">
                                <labels>
                                  <label description="KB Viewer" languagecode="1033" />
                                </labels>
                                <control id="kbviewer" classid="{a62b6fa9-169e-406c-b1aa-eab828cb6026}" />
                              </cell>
                            </row>
                            <row height="auto"></row>
                          </rows>
                        </section>
                        <section name="Solutions" showlabel="true" showbar="false" id="{967326b5-a0c3-41e5-9655-ad358e9e6a33}" IsUserDefined="0" layout="varwidth" labelwidth="102" celllabelposition="Left" ordinalvalue="4" solutionaction="Added">
                          <labels>
                            <label description="SIMILAR CASES" languagecode="1033" />
                          </labels>
                          <rows>
                            <row>
                              <cell id="{75bc5581-dde6-d9e8-a877-5a28e96246ee}" showlabel="false" colspan="1" auto="false" rowspan="7" ordinalvalue="10000">
                                <labels>
                                  <label description="Connections" languagecode="1033" />
                                </labels>
                                <control id="RelatedSolutionGrid" classid="{E7A81278-8635-4d9e-8D4D-59480B391C5B}">
                                  <parameters>
                                    <ViewId>{23FB1036-E41D-4D75-8AA7-27569B5B6512}</ViewId>
                                    <RelationshipName>incident_connections1</RelationshipName>
                                    <TargetEntityType>connection</TargetEntityType>
                                    <AutoExpand>Auto</AutoExpand>
                                    <EnableQuickFind>false</EnableQuickFind>
                                    <EnableViewPicker>false</EnableViewPicker>
                                    <EnableJumpBar>false</EnableJumpBar>
                                    <ChartGridMode>Grid</ChartGridMode>
                                    <EnableChartPicker>false</EnableChartPicker>
                                    <RecordsPerPage>5</RecordsPerPage>
                                    <EnableContextualActions>true</EnableContextualActions>
                                  </parameters>
                                </control>
                              </cell>
                            </row>
                            <row></row>
                            <row></row>
                            <row></row>
                            <row></row>
                            <row></row>
                            <row></row>
                          </rows>
                        </section>
                        <section name="Research" showlabel="false" showbar="false" id="{e6031605-b0d3-42e6-a666-ae358e9e0a0e}" IsUserDefined="0" layout="varwidth" labelwidth="102" celllabelposition="Left" ordinalvalue="5" solutionaction="Added">
                          <labels>
                            <label description="RESEARCH" languagecode="1033" />
                          </labels>
                          <rows>
                            <row>
                              <cell id="{a5be55d1-d0e1-d9e8-a877-5a28e00006ee}" showlabel="false" colspan="1" auto="false" rowspan="1" locklevel="1" ordinalvalue="10000">
                                <labels>
                                  <label description="" languagecode="1033" />
                                </labels>
                                <control id="CaseResearch_LinkControl" classid="{DFDF1CDE-837B-4AC9-98CF-AC74361FD89D}">
                                  <parameters>
                                    <LinkControlDefinitionId>{0F337699-D595-48D9-B733-6479E5F5EB07}</LinkControlDefinitionId>
                                    <ShowLinkControlLabel>false</ShowLinkControlLabel>
                                  </parameters>
                                </control>
                              </cell>
                            </row>
                          </rows>
                        </section>
                      </sections>
                    </column>
                    <column width="40%" id="1">
                      <sections>
                        <section name="TabsControl" showlabel="false" showbar="false" id="{052a7135-3315-4fd9-91b6-8355cef8bb09}" IsUserDefined="0" locklevel="0" ordinalvalue="0">
                          <rows>
                            <row>
                              <cell id="{423a4d0c-b9d2-492f-b070-e446e4ea16c7}" colspan="2" rowspan="25" showlabel="false" locklevel="0" ordinalvalue="10000">
                                <control id="notescontrol" classid="{06375649-C143-495E-A496-C962E5B4488E}" disabled="false">
                                  <parameters>
                                    <ShowArticleTab solutionaction="Removed">true</ShowArticleTab>
                                    <FilterResults solutionaction="Removed">0</FilterResults>
                                    <AllowChangingFiltersOnUI solutionaction="Removed">true</AllowChangingFiltersOnUI>
                                    <ShowLanguageFilter solutionaction="Removed">false</ShowLanguageFilter>
                                    <ShowDepartmentFilter solutionaction="Removed">false</ShowDepartmentFilter>
                                    <EnableAutoSuggestions solutionaction="Removed">true</EnableAutoSuggestions>
                                    <SearchForAutoSuggestionsUsing solutionaction="Removed">title</SearchForAutoSuggestionsUsing>
                                    <NumberOfResults solutionaction="Removed">10</NumberOfResults>
                                    <ShowContextualActions solutionaction="Removed">ShowAll</ShowContextualActions>
                                    <SelectPrimaryCustomer solutionaction="Removed">customerid</SelectPrimaryCustomer>
                                    <SelectDefaultLanguage solutionaction="Removed">00000000-0000-0000-0000-000000000000</SelectDefaultLanguage>
                                  </parameters>
                                </control>
                              </cell>
                            </row>
                          </rows>
                        </section>
                      </sections>
                    </column>
                  </columns>
                </tab>
                <tab name="CASERELATIONSHIP_TAB" id="{820e1ad0-5b40-4d15-9746-32f10735edde}" IsUserDefined="0" showlabel="true" expanded="false" ordinalvalue="1" solutionaction="Removed" />
                <tab name="AssociatedKnowledgeBaseRecords" id="{39ba3269-5e29-49ff-9f59-a0c0e26c3ca7}" IsUserDefined="0" showlabel="true" expanded="false" ordinalvalue="2" solutionaction="Removed" />
                <tab name=" Enhanced_SLA_Details_Tab" id="{70a83419-91af-4c8e-b39e-42bf8fa286f3}" IsUserDefined="0" showlabel="true" expanded="false" ordinalvalue="3" solutionaction="Removed" />
                <tab name="ADDITIONALDETAILS_TAB" id="{5695eced-80f3-4983-9bbd-346db51478d1}" IsUserDefined="0" showlabel="true" expanded="false" ordinalvalue="4" solutionaction="Removed" />
                <tab name="SOCIALDETAILS_TAB" id="{5b41e0a6-d4da-4ee5-871f-373f2b55109e}" IsUserDefined="0" showlabel="true" expanded="false" ordinalvalue="5" solutionaction="Removed" />
                <tab name="KBARTICLE_TAB" id="{6539ac26-1798-4e6a-af34-c98a254b2b5f}" IsUserDefined="0" showlabel="true" expanded="false" ordinalvalue="6" solutionaction="Removed" />
              </tabs>
              <header id="{CF9CD80E-17E4-438D-9705-5575B9BDF2D1}" celllabelposition="Top" columns="1111" labelwidth="115">
                <rows>
                  <row>
                    <cell id="{53dd311c-6ec7-4cde-b299-d39fe21c3dcf}" ordinalvalue="30002">
                      <control id="header_statuscode" classid="{3EF39988-22BB-4f0b-BBBE-64B5A3748AEE}" datafieldname="statuscode" disabled="false" solutionaction="Modified" />
                    </cell>
                  </row>
                </rows>
              </header>
              <events>
                <event name="onchange" application="true" active="true" attribute="productid" solutionaction="Removed" />
                <event name="onchange" application="true" active="true" attribute="primarycontactid" solutionaction="Removed" />
              </events>
              <clientresources>
                <internalresources>
                  <clientincludes>
                    <internaljscriptfile src="/_static/cs/cases/cases.js" solutionaction="Removed" />
                    <internaljscriptfile src="/_static/_controls/lookup/lookup.js" solutionaction="Removed" />
                    <internaljscriptfile src="/_static/_common/scripts/formevt.js" solutionaction="Removed" />
                    <internalcssfile src="/_tree/tree.css.aspx" solutionaction="Removed" />
                  </clientincludes>
                  <clientvariables solutionaction="Removed" />
                </internalresources>
              </clientresources>
              <Navigation>
                <NavBar>
                  <NavBarByRelationshipItem RelationshipName="Incident_ActivityPointers" Id="navActivities" Icon="/_imgs/ico_18_act.gif" Sequence="10" Area="Info" solutionaction="Modified">
                    <Titles solutionaction="Added">
                      <Title LCID="1033" Text="Activities" />
                    </Titles>
                  </NavBarByRelationshipItem>
                  <NavBarByRelationshipItem RelationshipName="Incident_ActivityPointers" Id="navActivityHistory" TitleResourceId="Tab_Label_History" Icon="/_imgs/ico_18_history.gif" ViewId="21E2B905-6FDB-470d-8517-AD69B4C01268" Sequence="20" Area="Info" solutionaction="Modified">
                    <Titles solutionaction="Added">
                      <Title LCID="1033" Text="Closed Activities" />
                    </Titles>
                  </NavBarByRelationshipItem>
                </NavBar>
                <NavBarAreas solutionaction="Added">
                  <NavBarArea Id="Info">
                    <Titles>
                      <Title LCID="1033" Text="Common" />
                    </Titles>
                  </NavBarArea>
                  <NavBarArea Id="Sales">
                    <Titles>
                      <Title LCID="1033" Text="Sales" />
                    </Titles>
                  </NavBarArea>
                  <NavBarArea Id="Service">
                    <Titles>
                      <Title LCID="1033" Text="Service" />
                    </Titles>
                  </NavBarArea>
                  <NavBarArea Id="Marketing">
                    <Titles>
                      <Title LCID="1033" Text="Marketing" />
                    </Titles>
                  </NavBarArea>
                  <NavBarArea Id="ProcessCenter">
                    <Titles>
                      <Title LCID="1033" Text="Process Sessions" />
                    </Titles>
                  </NavBarArea>
                </NavBarAreas>
              </Navigation>
              <hiddencontrols solutionaction="Removed" />
            </form>
            <LocalizedNames>
              <LocalizedName description="Case" languagecode="1033" />
            </LocalizedNames>
            <Descriptions>
              <Description description="Updated default Case form." languagecode="1033" />
            </Descriptions>
          </systemform>
          <systemform>
            <formid>{f658c846-f74c-459b-b591-b97558958106}</formid>
            <IntroducedVersion>5.0.0.0</IntroducedVersion>
            <FormPresentation>0</FormPresentation>
            <FormActivationState>0</FormActivationState>
            <form enablerelatedinformation="true">
              <tabs>
                <tab name="general" verticallayout="true" id="{06a2992a-9cc9-41a5-8f37-d2b2214fdde1}" IsUserDefined="0" ordinalvalue="1" solutionaction="Modified">
                  <columns>
                    <column width="100%" id="0">
                      <sections>
                        <section name="overview" showlabel="true" showbar="true" id="{51999b68-4b4c-439b-bb51-1b49edae03a9}" IsUserDefined="0" ordinalvalue="0">
                          <rows>
                            <row>
                              <cell auto="false" showlabel="true" locklevel="0" rowspan="1" colspan="1" id="{0653f522-18a7-41d4-a1ae-56164cb8b300}" ordinalvalue="10004">
                                <labels>
                                  <label description="Case Origin" languagecode="1033" solutionaction="Modified" />
                                </labels>
                              </cell>
                            </row>
                          </rows>
                        </section>
                        <section name="contract and product information" showlabel="true" showbar="true" id="{af10583d-3e30-4e24-9e5d-d2a84638abe2}" IsUserDefined="0" locklevel="0" ordinalvalue="2">
                          <rows>
                            <row>
                              <cell auto="false" showlabel="true" locklevel="0" rowspan="1" id="{be75eccd-45f3-4b40-95a5-69551b1e453a}" ordinalvalue="20001">
                                <control id="productid" classid="{270BD3DB-D9AF-4782-9025-509E298DEC0A}" datafieldname="productid" disabled="false">
                                  <parameters>
                                    <DefaultViewId solutionaction="Removed">{58afc3c5-8add-4552-98cb-473bc8f75619}</DefaultViewId>
                                  </parameters>
                                </control>
                              </cell>
                            </row>
                          </rows>
                        </section>
                      </sections>
                    </column>
                  </columns>
                </tab>
                <tab name="notesandkb" id="{ecec23bf-2417-4bdc-a019-0a6aca6c2500}" IsUserDefined="0" expanded="false" ordinalvalue="2" solutionaction="Modified">
                  <columns>
                    <column width="100%" id="0">
                      <sections>
                        <section name="kb article" labelwidth="160" showlabel="true" showbar="true" locklevel="1" id="{e7405683-b295-4b3f-8c52-6fdc8b736a9c}" IsUserDefined="0" ordinalvalue="1">
                          <rows>
                            <row>
                              <cell colspan="2" showlabel="false" rowspan="2" id="{cd51ce63-1e6c-453f-95db-ffaaa477984f}" ordinalvalue="10001" solutionaction="Modified" />
                            </row>
                          </rows>
                        </section>
                      </sections>
                    </column>
                  </columns>
                </tab>
                <tab name="tab_recordwall" id="{e94e6ac4-12db-bc8c-ec81-8b20c5987655}" IsUserDefined="0" locklevel="0" showlabel="true" expanded="false" labelid="{96049918-7d6c-49a4-88af-ba6119534b8e}" ordinalvalue="0" solutionaction="Added">
                  <labels>
                    <label description="What's New" languagecode="1033" />
                  </labels>
                  <columns>
                    <column width="100%" id="0">
                      <sections>
                        <section name="tab_recordwall_section_1" showlabel="false" showbar="false" locklevel="0" id="{ac0addcc-a626-6c98-40ee-b11edac36204}" IsUserDefined="0" layout="varwidth" columns="1" labelwidth="115" celllabelalignment="Left" celllabelposition="Left" labelid="{49f40b8e-210e-4715-ab74-9eb9c4593678}" ordinalvalue="0">
                          <labels>
                            <label description="Section" languagecode="1033" />
                          </labels>
                          <rows>
                            <row>
                              <cell id="{be13b312-b6ac-83d7-34e1-e90dc1ecbec7}" showlabel="false" colspan="1" auto="false" rowspan="15" labelid="{7d08fa57-fd3f-4652-8d7e-3ac57099438c}" ordinalvalue="10000">
                                <labels>
                                  <label description="RecordWall" languagecode="1033" />
                                </labels>
                                <control id="WebResource_RecordWall" classid="{9FDF5F91-88B1-47f4-AD53-C11EFC01A01D}">
                                  <parameters>
                                    <Url>msdyn_/RecordWall.htm</Url>
                                    <PassParameters>true</PassParameters>
                                    <Security>false</Security>
                                    <Scrolling>auto</Scrolling>
                                    <Border>false</Border>
                                  </parameters>
                                </control>
                                <events>
                                  <event name="onload" application="0">
                                    <dependencies />
                                  </event>
                                </events>
                              </cell>
                            </row>
                            <row />
                            <row />
                            <row />
                            <row />
                            <row />
                            <row />
                            <row />
                            <row />
                            <row />
                            <row />
                            <row />
                            <row />
                            <row />
                            <row />
                          </rows>
                        </section>
                      </sections>
                    </column>
                  </columns>
                  <events>
                    <event name="tabstatechange" application="false" active="false">
                      <Handlers>
                        <Handler functionName="ActivityFeeds.Form.CustomizationUtils.updateRecordWallRenderingState" libraryName="msdyn_/ActivityFeeds.Form.js" handlerUniqueId="{9beb6ce6-2666-8033-a406-3d68d44b9592}" enabled="true" parameters="" passExecutionContext="true" />
                      </Handlers>
                    </event>
                  </events>
                </tab>
              </tabs>
              <clientresources>
                <internalresources>
                  <clientvariables solutionaction="Removed" />
                </internalresources>
              </clientresources>
              <hiddencontrols solutionaction="Removed" />
              <formLibraries solutionaction="Added">
                <Library name="msdyn_/ActivityFeeds.Form.js" libraryUniqueId="{4181da4c-6d13-ba3c-c859-be404e4ee2e3}" />
              </formLibraries>
            </form>
            <LocalizedNames>
              <LocalizedName description="Information" languagecode="1033" />
            </LocalizedNames>
            <Descriptions>
              <Description description="A form for this entity." languagecode="1033" />
            </Descriptions>
          </systemform>
        </forms>
      </FormXml>
      <RibbonDiffXml>
        <CustomActions>
          <CustomAction Id="xrmc.incident.MultiTag.Button.CustomAction" Location="Mscrm.HomepageGrid.incident.MainTab.Management.Controls._children" Sequence="30">
            <CommandUIDefinition>
              <Button Alt="$LocLabels:xrmc.incident.MultiTag.Button.Alt" Command="xrmc.incident.MultiTag.Command" Description="Tag multiple records with multiple tags in a single operation" Id="xrmc.incident.MultiTag.Button" Image16by16="$webresource:xrmc_/css/multitag.png" LabelText="$LocLabels:xrmc.incident.MultiTag.Button.LabelText" Sequence="30" TemplateAlias="o3" ToolTipTitle="$LocLabels:xrmc.incident.MultiTag.Button.ToolTipTitle" ToolTipDescription="$LocLabels:xrmc.incident.MultiTag.Button.ToolTipDescription" />
            </CommandUIDefinition>
          </CustomAction>
        </CustomActions>
        <Templates>
          <RibbonTemplates Id="Mscrm.Templates"></RibbonTemplates>
        </Templates>
        <CommandDefinitions>
          <CommandDefinition Id="xrmc.incident.MultiTag.Command">
            <EnableRules>
              <EnableRule Id="xrmc.incident.MultiTag.EnableRule" />
            </EnableRules>
            <DisplayRules />
            <Actions>
              <JavaScriptFunction FunctionName="openMultiTag" Library="$webresource:xrmc_/MultiTagRibbon.js">
                <CrmParameter Value="SelectedControlSelectedItemReferences" />
                <CrmParameter Value="SelectedEntityTypeName" />
              </JavaScriptFunction>
            </Actions>
          </CommandDefinition>
        </CommandDefinitions>
        <RuleDefinitions>
          <TabDisplayRules />
          <DisplayRules />
          <EnableRules>
            <EnableRule Id="xrmc.incident.MultiTag.EnableRule">
              <SelectionCountRule AppliesTo="SelectedEntity" Minimum="1" />
            </EnableRule>
          </EnableRules>
        </RuleDefinitions>
        <LocLabels>
          <LocLabel Id="xrmc.incident.MultiTag.Button.Alt">
            <Titles>
              <Title description="Multi Tag" languagecode="1033" />
            </Titles>
          </LocLabel>
          <LocLabel Id="xrmc.incident.MultiTag.Button.LabelText">
            <Titles>
              <Title description="Multi Tag" languagecode="1033" />
            </Titles>
          </LocLabel>
          <LocLabel Id="xrmc.incident.MultiTag.Button.ToolTipDescription">
            <Titles>
              <Title description="Tag multiple records with multiple tags in a single operation" languagecode="1033" />
            </Titles>
          </LocLabel>
          <LocLabel Id="xrmc.incident.MultiTag.Button.ToolTipTitle">
            <Titles>
              <Title description="Multi Tag" languagecode="1033" />
            </Titles>
          </LocLabel>
        </LocLabels>
      </RibbonDiffXml>
    </Entity>
    <Entity>
      <Name LocalizedName="Opportunity" OriginalName="Opportunity">Opportunity</Name>
      <ObjectTypeCode>3</ObjectTypeCode>
      <FormXml>
        <forms type="main">
          <systemform>
            <formid>{a2a56263-ec37-4991-a3b0-e7b37a71d818}</formid>
            <IntroducedVersion>5.0.0.0</IntroducedVersion>
            <FormPresentation>0</FormPresentation>
            <FormActivationState>0</FormActivationState>
            <form>
              <hiddencontrols solutionaction="Removed" />
              <tabs>
                <tab name="general" verticallayout="true" id="{a9dd8610-71e3-4fe3-93d6-cee419cd614d}" IsUserDefined="0" ordinalvalue="1" solutionaction="Modified" />
                <tab name="Product Line Item Details" verticallayout="true" id="{4C3A3EC2-AB96-4c36-9FEA-1CDAF76A2AC7}" IsUserDefined="0" ordinalvalue="2" solutionaction="Modified" />
                <tab name="notes and activities" id="{25A511F6-4CF0-4c5e-838F-1AEB9BC07ED9}" IsUserDefined="0" expanded="false" ordinalvalue="3" solutionaction="Modified" />
                <tab name="Opportunity Quotes" verticallayout="true" id="{379BB2D1-8E92-406f-AD33-1D479367FD75}" IsUserDefined="0" ordinalvalue="4" solutionaction="Modified" />
                <tab name="administration" id="{4f0d6fd2-1e7d-45ad-9127-0aca662b616c}" IsUserDefined="0" ordinalvalue="5" solutionaction="Modified" />
                <tab name="tab_recordwall" id="{e94e6ac4-12db-bc8c-ec81-8b20c5987655}" IsUserDefined="0" locklevel="0" showlabel="true" expanded="false" labelid="{681be97f-04ec-403b-9b64-04e01734f66d}" ordinalvalue="0" solutionaction="Added">
                  <labels>
                    <label description="What's New" languagecode="1033" />
                  </labels>
                  <columns>
                    <column width="100%" id="0">
                      <sections>
                        <section name="tab_recordwall_section_1" showlabel="false" showbar="false" locklevel="0" id="{ac0addcc-a626-6c98-40ee-b11edac36204}" IsUserDefined="0" layout="varwidth" columns="1" labelwidth="115" celllabelalignment="Left" celllabelposition="Left" labelid="{bf7a9cfc-64b2-48c4-afdb-75663f20b862}" ordinalvalue="0">
                          <labels>
                            <label description="Section" languagecode="1033" />
                          </labels>
                          <rows>
                            <row>
                              <cell id="{be13b312-b6ac-83d7-34e1-e90dc1ecbec7}" showlabel="false" colspan="1" auto="false" rowspan="15" labelid="{880705bf-06d6-4839-94a3-63af8305ddd9}" ordinalvalue="10000">
                                <labels>
                                  <label description="RecordWall" languagecode="1033" />
                                </labels>
                                <control id="WebResource_RecordWall" classid="{9FDF5F91-88B1-47f4-AD53-C11EFC01A01D}">
                                  <parameters>
                                    <Url>msdyn_/RecordWall.htm</Url>
                                    <PassParameters>true</PassParameters>
                                    <Security>false</Security>
                                    <Scrolling>auto</Scrolling>
                                    <Border>false</Border>
                                  </parameters>
                                </control>
                                <events>
                                  <event name="onload" application="0">
                                    <dependencies />
                                  </event>
                                </events>
                              </cell>
                            </row>
                            <row />
                            <row />
                            <row />
                            <row />
                            <row />
                            <row />
                            <row />
                            <row />
                            <row />
                            <row />
                            <row />
                            <row />
                            <row />
                            <row />
                          </rows>
                        </section>
                      </sections>
                    </column>
                  </columns>
                  <events>
                    <event name="tabstatechange" application="false" active="false">
                      <Handlers>
                        <Handler functionName="ActivityFeeds.Form.CustomizationUtils.updateRecordWallRenderingState" libraryName="msdyn_/ActivityFeeds.Form.js" handlerUniqueId="{9beb6ce6-2666-8033-a406-3d68d44b9592}" enabled="true" parameters="" passExecutionContext="true" />
                      </Handlers>
                    </event>
                  </events>
                </tab>
              </tabs>
              <formLibraries solutionaction="Added">
                <Library name="msdyn_/ActivityFeeds.Form.js" libraryUniqueId="{4181da4c-6d13-ba3c-c859-be404e4ee2e3}" />
              </formLibraries>
            </form>
            <LocalizedNames>
              <LocalizedName description="Information" languagecode="1033" />
            </LocalizedNames>
            <Descriptions>
              <Description description="A form for this entity." languagecode="1033" />
            </Descriptions>
          </systemform>
        </forms>
      </FormXml>
      <RibbonDiffXml>
        <CustomActions>
          <CustomAction Id="xrmc.opportunity.MultiTag.Button.CustomAction" Location="Mscrm.HomepageGrid.opportunity.MainTab.Management.Controls._children" Sequence="30">
            <CommandUIDefinition>
              <Button Alt="$LocLabels:xrmc.opportunity.MultiTag.Button.Alt" Command="xrmc.opportunity.MultiTag.Command" Description="Tag multiple records with multiple tags in a single operation" Id="xrmc.opportunity.MultiTag.Button" Image16by16="$webresource:xrmc_/css/multitag.png" LabelText="$LocLabels:xrmc.opportunity.MultiTag.Button.LabelText" Sequence="30" TemplateAlias="o3" ToolTipTitle="$LocLabels:xrmc.opportunity.MultiTag.Button.ToolTipTitle" ToolTipDescription="$LocLabels:xrmc.opportunity.MultiTag.Button.ToolTipDescription" />
            </CommandUIDefinition>
          </CustomAction>
        </CustomActions>
        <Templates>
          <RibbonTemplates Id="Mscrm.Templates"></RibbonTemplates>
        </Templates>
        <CommandDefinitions>
          <CommandDefinition Id="xrmc.opportunity.MultiTag.Command">
            <EnableRules>
              <EnableRule Id="xrmc.opportunity.MultiTag.EnableRule" />
            </EnableRules>
            <DisplayRules />
            <Actions>
              <JavaScriptFunction FunctionName="openMultiTag" Library="$webresource:xrmc_/MultiTagRibbon.js">
                <CrmParameter Value="SelectedControlSelectedItemReferences" />
                <CrmParameter Value="SelectedEntityTypeName" />
              </JavaScriptFunction>
            </Actions>
          </CommandDefinition>
        </CommandDefinitions>
        <RuleDefinitions>
          <TabDisplayRules />
          <DisplayRules />
          <EnableRules>
            <EnableRule Id="xrmc.opportunity.MultiTag.EnableRule">
              <SelectionCountRule AppliesTo="SelectedEntity" Minimum="1" />
            </EnableRule>
          </EnableRules>
        </RuleDefinitions>
        <LocLabels>
          <LocLabel Id="xrmc.opportunity.MultiTag.Button.Alt">
            <Titles>
              <Title description="Multi Tag" languagecode="1033" />
            </Titles>
          </LocLabel>
          <LocLabel Id="xrmc.opportunity.MultiTag.Button.LabelText">
            <Titles>
              <Title description="Multi Tag" languagecode="1033" />
            </Titles>
          </LocLabel>
          <LocLabel Id="xrmc.opportunity.MultiTag.Button.ToolTipDescription">
            <Titles>
              <Title description="Tag multiple records with multiple tags in a single operation" languagecode="1033" />
            </Titles>
          </LocLabel>
          <LocLabel Id="xrmc.opportunity.MultiTag.Button.ToolTipTitle">
            <Titles>
              <Title description="Multi Tag" languagecode="1033" />
            </Titles>
          </LocLabel>
        </LocLabels>
      </RibbonDiffXml>
    </Entity>
  </Entities>
  <Roles></Roles>
  <Workflows></Workflows>
  <FieldSecurityProfiles></FieldSecurityProfiles>
  <Templates />
  <EntityMaps />
  <EntityRelationships />
  <OrganizationSettings />
  <optionsets />
  <Languages>
    <Language>1033</Language>
  </Languages>
</ImportExportXml>