<ImportExportXml version="6.0.0000.0809" SolutionPackageVersion="6.0" languagecode="1033" generatedBy="OnPremise" xmlns:xsi="http://www.w3.org/2001/XMLSchema-instance">
  <SolutionManifest>
    <UniqueName>ContentTaggingRibbonButtons</UniqueName>
    <LocalizedNames>
      <LocalizedName description="Content Tagging - Ribbon Buttons" languagecode="1033" />
    </LocalizedNames>
    <Descriptions>
      <Description description="Extension to Content Tagging by xRM Consultancy. This solutions adds the multi tag button to the following entities:&#xA;&#xA;- Account&#xA;- Contact&#xA;- Opportunity&#xA;- Case" languagecode="1033" />
    </Descriptions>
    <Version>1.0.0.27</Version>
    <Managed>0</Managed>
    <Publisher>
      <UniqueName>xrmconsultancy</UniqueName>
      <LocalizedNames>
        <LocalizedName description="xRM Consultancy" languagecode="1033" />
      </LocalizedNames>
      <Descriptions>
        <Description description="The xRM Consultancy specialises in building custom business applications and products on the Microsoft Dynamics CRM platform." languagecode="1033" />
      </Descriptions>
      <EMailAddress>info@xrmconsultancy.com</EMailAddress>
      <SupportingWebsiteUrl>www.xrmconsultancy.com</SupportingWebsiteUrl>
      <CustomizationPrefix>xrmc</CustomizationPrefix>
      <CustomizationOptionValuePrefix>92268</CustomizationOptionValuePrefix>
      <Addresses>
        <Address>
          <AddressNumber>1</AddressNumber>
          <AddressTypeCode>1</AddressTypeCode>
          <City>London</City>
          <County xsi:nil="true"></County>
          <Country>United Kingdom</Country>
          <Fax xsi:nil="true"></Fax>
          <FreightTermsCode xsi:nil="true"></FreightTermsCode>
          <ImportSequenceNumber xsi:nil="true"></ImportSequenceNumber>
          <Latitude xsi:nil="true"></Latitude>
          <Line1>Unit 18 Elysium Gate</Line1>
          <Line2>126 New Kings Road</Line2>
          <Line3 xsi:nil="true"></Line3>
          <Longitude xsi:nil="true"></Longitude>
          <Name xsi:nil="true"></Name>
          <PostalCode>SW6 4LZ</PostalCode>
          <PostOfficeBox xsi:nil="true"></PostOfficeBox>
          <PrimaryContactName xsi:nil="true"></PrimaryContactName>
          <ShippingMethodCode>1</ShippingMethodCode>
          <StateOrProvince>London</StateOrProvince>
          <Telephone1>+44 (0) 7733 262 333</Telephone1>
          <Telephone2 xsi:nil="true"></Telephone2>
          <Telephone3 xsi:nil="true"></Telephone3>
          <TimeZoneRuleVersionNumber xsi:nil="true"></TimeZoneRuleVersionNumber>
          <UPSZone xsi:nil="true"></UPSZone>
          <UTCOffset xsi:nil="true"></UTCOffset>
          <UTCConversionTimeZoneCode xsi:nil="true"></UTCConversionTimeZoneCode>
        </Address>
        <Address>
          <AddressNumber>2</AddressNumber>
          <AddressTypeCode>1</AddressTypeCode>
          <City xsi:nil="true"></City>
          <County xsi:nil="true"></County>
          <Country xsi:nil="true"></Country>
          <Fax xsi:nil="true"></Fax>
          <FreightTermsCode xsi:nil="true"></FreightTermsCode>
          <ImportSequenceNumber xsi:nil="true"></ImportSequenceNumber>
          <Latitude xsi:nil="true"></Latitude>
          <Line1 xsi:nil="true"></Line1>
          <Line2 xsi:nil="true"></Line2>
          <Line3 xsi:nil="true"></Line3>
          <Longitude xsi:nil="true"></Longitude>
          <Name xsi:nil="true"></Name>
          <PostalCode xsi:nil="true"></PostalCode>
          <PostOfficeBox xsi:nil="true"></PostOfficeBox>
          <PrimaryContactName xsi:nil="true"></PrimaryContactName>
          <ShippingMethodCode>1</ShippingMethodCode>
          <StateOrProvince xsi:nil="true"></StateOrProvince>
          <Telephone1 xsi:nil="true"></Telephone1>
          <Telephone2 xsi:nil="true"></Telephone2>
          <Telephone3 xsi:nil="true"></Telephone3>
          <TimeZoneRuleVersionNumber xsi:nil="true"></TimeZoneRuleVersionNumber>
          <UPSZone xsi:nil="true"></UPSZone>
          <UTCOffset xsi:nil="true"></UTCOffset>
          <UTCConversionTimeZoneCode xsi:nil="true"></UTCConversionTimeZoneCode>
        </Address>
      </Addresses>
    </Publisher>
    <RootComponents>
      <RootComponent type="1" schemaName="account" />
      <RootComponent type="1" schemaName="contact" />
      <RootComponent type="1" schemaName="incident" />
      <RootComponent type="1" schemaName="opportunity" />
      <RootComponent type="61" schemaName="xrmc_/css/multitag.png" />
      <RootComponent type="61" schemaName="xrmc_/MultiTag.html" />
      <RootComponent type="61" schemaName="xrmc_/MultiTagRibbon.js" />
    </RootComponents>
    <MissingDependencies>
      <MissingDependency>
        <Required key="0" type="26" schemaName="Active Services" displayName="Active Services" parentSchemaName="service" parentDisplayName="Service" solution="System" id="{2bd4de5e-a7b4-4f5d-8fde-eb3b62d8e2b2}" />
        <Dependent key="1" type="60" parentDisplayName="Contact" id="{894cc46a-b0cb-4ab0-8bf6-200544e46a2d}" />
      </MissingDependency>
      <MissingDependency>
        <Required key="2" type="26" schemaName="Open Activities" displayName="Open Activities" parentSchemaName="activitypointer" parentDisplayName="Activity" solution="System" id="{00000000-0000-0000-00aa-000010001900}" />
        <Dependent key="1" type="60" parentDisplayName="Contact" id="{894cc46a-b0cb-4ab0-8bf6-200544e46a2d}" />
      </MissingDependency>
      <MissingDependency>
        <Required key="3" type="26" schemaName="Contract Line With Allotments" displayName="Contract Line With Allotments" parentSchemaName="contractdetail" parentDisplayName="Contract Line" solution="System" id="{8fa2705c-7e4c-4c0e-b611-4593b35a4c9e}" />
        <Dependent key="4" type="60" parentDisplayName="Case" id="{f658c846-f74c-459b-b591-b97558958106}" />
      </MissingDependency>
      <MissingDependency>
        <Required key="5" type="26" schemaName="Active Contracts" displayName="Active Contracts" parentSchemaName="contract" parentDisplayName="Contract" solution="System" id="{646de3ee-ebfb-4d19-8a44-4a619505e188}" />
        <Dependent key="4" type="60" parentDisplayName="Case" id="{f658c846-f74c-459b-b591-b97558958106}" />
      </MissingDependency>
      <MissingDependency>
        <Required key="0" type="26" schemaName="Active Services" displayName="Active Services" parentSchemaName="service" parentDisplayName="Service" solution="System" id="{2bd4de5e-a7b4-4f5d-8fde-eb3b62d8e2b2}" />
        <Dependent key="6" type="60" parentDisplayName="Account" id="{b053a39a-041a-4356-acef-ddf00182762b}" />
      </MissingDependency>
      <MissingDependency>
        <Required key="2" type="26" schemaName="Open Activities" displayName="Open Activities" parentSchemaName="activitypointer" parentDisplayName="Activity" solution="System" id="{00000000-0000-0000-00aa-000010001900}" />
        <Dependent key="7" type="60" parentDisplayName="Opportunity" id="{a2a56263-ec37-4991-a3b0-e7b37a71d818}" />
      </MissingDependency>
      <MissingDependency>
        <Required key="8" type="26" schemaName="Quote Associated View" displayName="Quote Associated View" parentSchemaName="quote" parentDisplayName="Quote" solution="System" id="{642095db-91dd-4813-bb31-665a3a2bae61}" />
        <Dependent key="7" type="60" parentDisplayName="Opportunity" id="{a2a56263-ec37-4991-a3b0-e7b37a71d818}" />
      </MissingDependency>
      <MissingDependency>
        <Required key="5" type="26" schemaName="Active Contracts" displayName="Active Contracts" parentSchemaName="contract" parentDisplayName="Contract" solution="System" id="{646de3ee-ebfb-4d19-8a44-4a619505e188}" />
        <Dependent key="9" type="60" parentDisplayName="Case" id="{4a63c8d1-6c1e-48ec-9db4-3e6c7155334c}" />
      </MissingDependency>
      <MissingDependency>
        <Required key="10" type="26" schemaName="Opportunity Product Inline Edit View" displayName="Opportunity Product Inline Edit View" parentSchemaName="opportunityproduct" parentDisplayName="Opportunity Product" solution="System" id="{01010de7-749e-4fe6-8037-aca560a4fcbe}" />
        <Dependent key="7" type="60" parentDisplayName="Opportunity" id="{a2a56263-ec37-4991-a3b0-e7b37a71d818}" />
      </MissingDependency>
      <MissingDependency>
        <Required key="2" type="26" schemaName="Open Activities" displayName="Open Activities" parentSchemaName="activitypointer" parentDisplayName="Activity" solution="System" id="{00000000-0000-0000-00aa-000010001900}" />
        <Dependent key="6" type="60" parentDisplayName="Account" id="{b053a39a-041a-4356-acef-ddf00182762b}" />
      </MissingDependency>
      <MissingDependency>
        <Required key="11" type="26" schemaName="Active Products" displayName="Active Products" parentSchemaName="product" parentDisplayName="Product" solution="System" id="{a066d18a-8a4a-44ee-b78e-9a870dc799dd}" />
        <Dependent key="9" type="60" parentDisplayName="Case" id="{4a63c8d1-6c1e-48ec-9db4-3e6c7155334c}" />
      </MissingDependency>
      <MissingDependency>
        <Required key="12" type="26" schemaName="Related Solutions" displayName="Related Solutions" parentSchemaName="connection" parentDisplayName="Connection" solution="System" id="{23fb1036-e41d-4d75-8aa7-27569b5b6512}" />
        <Dependent key="9" type="60" parentDisplayName="Case" id="{4a63c8d1-6c1e-48ec-9db4-3e6c7155334c}" />
      </MissingDependency>
      <MissingDependency>
        <Required key="3" type="26" schemaName="Contract Line With Allotments" displayName="Contract Line With Allotments" parentSchemaName="contractdetail" parentDisplayName="Contract Line" solution="System" id="{8fa2705c-7e4c-4c0e-b611-4593b35a4c9e}" />
        <Dependent key="9" type="60" parentDisplayName="Case" id="{4a63c8d1-6c1e-48ec-9db4-3e6c7155334c}" />
      </MissingDependency>
      <MissingDependency>
        <Required key="13" type="61" schemaName="msdyn_/RecordWall.htm" displayName="msdyn_/RecordWall.htm" solution="ActivityFeedsCore (6.0.0.809)" />
        <Dependent key="7" type="60" parentDisplayName="Opportunity" id="{a2a56263-ec37-4991-a3b0-e7b37a71d818}" />
      </MissingDependency>
      <MissingDependency>
        <Required key="14" type="61" schemaName="msdyn_/ActivityFeeds.Form.js" displayName="msdyn_/ActivityFeeds.Form.js" solution="ActivityFeedsCore (6.0.0.809)" />
        <Dependent key="7" type="60" parentDisplayName="Opportunity" id="{a2a56263-ec37-4991-a3b0-e7b37a71d818}" />
      </MissingDependency>
      <MissingDependency>
        <Required key="13" type="61" schemaName="msdyn_/RecordWall.htm" displayName="msdyn_/RecordWall.htm" solution="ActivityFeedsCore (6.0.0.809)" />
        <Dependent key="6" type="60" parentDisplayName="Account" id="{b053a39a-041a-4356-acef-ddf00182762b}" />
      </MissingDependency>
      <MissingDependency>
        <Required key="14" type="61" schemaName="msdyn_/ActivityFeeds.Form.js" displayName="msdyn_/ActivityFeeds.Form.js" solution="ActivityFeedsCore (6.0.0.809)" />
        <Dependent key="6" type="60" parentDisplayName="Account" id="{b053a39a-041a-4356-acef-ddf00182762b}" />
      </MissingDependency>
      <MissingDependency>
        <Required key="13" type="61" schemaName="msdyn_/RecordWall.htm" displayName="msdyn_/RecordWall.htm" solution="ActivityFeedsCore (6.0.0.809)" />
        <Dependent key="4" type="60" parentDisplayName="Case" id="{f658c846-f74c-459b-b591-b97558958106}" />
      </MissingDependency>
      <MissingDependency>
        <Required key="14" type="61" schemaName="msdyn_/ActivityFeeds.Form.js" displayName="msdyn_/ActivityFeeds.Form.js" solution="ActivityFeedsCore (6.0.0.809)" />
        <Dependent key="4" type="60" parentDisplayName="Case" id="{f658c846-f74c-459b-b591-b97558958106}" />
      </MissingDependency>
      <MissingDependency>
        <Required key="14" type="61" schemaName="msdyn_/ActivityFeeds.Form.js" displayName="msdyn_/ActivityFeeds.Form.js" solution="ActivityFeedsCore (6.0.0.809)" />
        <Dependent key="1" type="60" parentDisplayName="Contact" id="{894cc46a-b0cb-4ab0-8bf6-200544e46a2d}" />
      </MissingDependency>
      <MissingDependency>
        <Required key="13" type="61" schemaName="msdyn_/RecordWall.htm" displayName="msdyn_/RecordWall.htm" solution="ActivityFeedsCore (6.0.0.809)" />
        <Dependent key="1" type="60" parentDisplayName="Contact" id="{894cc46a-b0cb-4ab0-8bf6-200544e46a2d}" />
      </MissingDependency>
    </MissingDependencies>
  </SolutionManifest>
</ImportExportXml>